CustomerID,Age,Tenure,MonthlyCharges,TotalCharges,IsContracted,SupportCalls,Churn
1,56,34,101.79670241190622,4897.614196274257,1,3,0
2,69,50,103.21341779577419,3207.2964776491103,1,8,1
3,46,14,70.74677337608362,718.6972336660634,1,5,1
4,32,24,20.63858717168336,3413.2700541696267,1,0,0
5,60,54,48.70381331749128,1693.009675615325,0,2,0
6,25,36,81.69269183757422,3463.0032637618774,0,1,0
7,38,27,118.11861780274235,441.2416259957881,0,8,1
8,56,9,83.18135270166684,956.919042162201,0,0,0
9,36,38,45.98035810641598,4293.112568638353,1,8,1
10,40,56,83.40057030996114,1213.179829415223,1,8,1
11,28,16,73.99853797158555,4201.501513690407,1,7,1
12,28,38,97.98453951511436,1468.452833426611,0,7,1
13,41,21,30.69806388269584,3250.1213592876675,0,0,0
14,53,25,96.1027902502028,3501.337810198172,1,7,1
15,57,43,74.12665786761103,2612.0082904107594,1,9,1
16,41,24,116.29920038589947,1596.0223158139834,0,2,1
17,20,16,54.187216603868606,1141.957444218371,1,6,1
18,39,12,83.26218931339481,262.62783735588846,0,0,0
19,19,19,113.20281055100175,1589.3373660795467,0,0,0
20,41,24,30.250972799067924,3300.497673603287,0,9,1
21,61,3,113.72284872364511,4697.693610397565,1,4,1
22,47,9,88.78857223008133,4368.901963088955,1,4,0
23,55,2,26.78370591051719,3853.717405022983,0,7,1
24,19,40,50.096356694681624,3963.3919819411635,1,6,1
25,38,44,90.81720886452815,3358.4260270323766,0,7,1
26,50,17,26.73506014687717,1375.4056020734147,0,5,1
27,29,46,78.21704601762733,4545.255650458566,0,5,1
28,39,35,54.588305695295674,3386.588328338587,0,1,0
29,61,46,82.0915517767477,2846.1590918041557,1,5,1
30,42,21,24.574203381251284,643.8483991460572,0,4,1
31,66,33,107.15368061523763,2290.5721646514844,0,2,1
32,44,46,117.3488969177397,2355.7555288894387,1,5,1
33,59,7,116.88778552856915,4336.361686661083,0,7,1
34,45,39,94.96518317429248,2778.5762789201635,0,8,1
35,33,48,33.0086240130632,1963.9626899550074,1,0,0
36,32,43,95.82631959290225,4886.3216097022305,1,2,0
37,64,18,22.45869164588015,642.5309072989468,1,2,0
38,68,41,22.212355152899725,2170.4872987285285,0,7,1
39,61,40,52.36102191495412,305.9209083398859,1,0,0
40,69,36,68.86431904046657,3725.5301917579586,1,4,0
41,20,5,97.04074178077931,4598.575105775838,0,2,1
42,54,51,88.32953766065052,1472.1829147973983,0,1,0
43,68,25,64.59027063767483,4305.874216315692,0,7,1
44,24,33,47.362666628166586,1531.869329263299,0,2,0
45,38,58,119.71245001577111,4562.7737920551845,0,6,1
46,26,55,62.6181302235973,3794.4133276242414,1,0,0
47,56,58,65.13870243296755,4044.0432065230493,1,5,1
48,35,44,36.36238211916692,188.23212244222705,1,2,0
49,21,5,99.48095487499293,4817.770749662727,0,7,1
50,42,36,89.36822257814886,3660.687861144584,0,5,1
51,31,56,42.07696127887604,1593.2803673920532,0,1,0
52,67,32,28.23810456158427,4164.03385780835,1,5,1
53,26,52,88.0499302074713,1479.4538722331567,1,6,1
54,43,21,85.45112142811352,4376.493813874027,0,4,1
55,19,20,47.32595269982093,651.6439130184914,1,2,0
56,37,5,115.08635622504103,3548.0612895578993,0,3,1
57,45,5,35.10578917809002,2749.4225355600606,1,3,0
58,64,54,63.23348010426019,573.01890395766,1,5,1
59,24,47,114.36159201675989,1285.279758468311,1,9,1
60,61,3,61.97273169261223,160.77977775884247,0,0,0
61,25,29,83.85259476640856,2396.9630307760785,1,3,0
62,64,10,59.75943979627943,1576.199777724002,1,9,1
63,52,29,47.421520234867,3031.951673059018,0,3,1
64,31,30,118.39776479598282,1556.4652577722243,1,9,1
65,34,23,60.9334006315043,1569.603646384225,0,0,0
66,53,54,109.40992036791344,3741.646673784857,0,8,1
67,67,8,42.99546058910862,335.8998962939319,0,3,1
68,57,54,41.31047040250833,4524.185476440737,0,6,1
69,21,2,23.113408288451136,4276.092984516789,0,2,0
70,19,50,85.1666825375885,3372.242947809392,1,9,1
71,23,30,56.852634372376116,3006.785693526183,0,2,1
72,59,39,106.4358249839637,4472.282240884296,0,7,1
73,21,36,67.32099066915572,1008.1178796907008,0,7,1
74,46,35,116.81934279147217,486.9488947350602,0,0,0
75,35,23,38.55255157031211,1273.5998325567368,1,9,1
76,43,30,106.86231679556109,3993.433565630932,0,1,0
77,61,5,97.65968527917417,269.8843069597683,1,7,1
78,51,1,97.0921844644052,2955.753491909099,0,0,0
79,27,19,104.47832281168877,4977.6438293374185,1,7,1
80,53,27,96.10239909429988,4292.910859803943,0,7,1
81,31,10,82.62203216314154,2655.0838763135885,0,1,0
82,48,3,33.12448776823876,411.8404555045475,1,3,0
83,65,14,23.25261794912519,4173.730220489978,0,5,1
84,32,5,112.08478478156869,3034.9946900683317,1,8,1
85,25,53,81.6650314520738,663.1716855918775,0,7,1
86,31,48,99.65372909761763,559.9006956344454,1,7,1
87,40,29,68.15223515125501,4557.171415239302,0,6,1
88,57,55,31.730818896239448,3379.0812883965846,0,8,1
89,38,37,32.51857922025504,4163.505316652102,1,1,0
90,33,50,88.55652872289714,4406.99661138311,0,2,1
91,62,56,63.030589489946266,2901.6845250367787,0,9,1
92,35,1,40.05247267003367,2635.487123599702,0,7,1
93,64,14,69.15945467414369,2209.094310572852,0,5,1
94,41,10,26.420893707513407,1653.0382801764845,0,9,1
95,43,7,78.19714019143987,2229.5202082076876,0,8,1
96,42,25,46.899340443509764,3892.010313077766,1,9,1
97,62,50,99.75591006371882,3049.4248119741446,1,3,0
98,58,44,51.03619589235738,4473.364120778746,1,7,1
99,46,43,65.52201490818013,2272.5620704580197,0,9,1
100,32,4,21.162053990810065,3074.738935721895,1,2,0
101,62,5,27.24468877945589,3193.4070101507446,0,2,0
102,18,25,59.24935564066848,2999.316095300995,0,7,1
103,42,53,67.99388347171235,3542.90548811903,0,4,1
104,24,3,80.00205481193038,1263.4239950365507,0,2,1
105,26,18,49.16625787093032,2610.5825099743743,1,9,1
106,41,19,89.49818861265426,610.7015337609035,0,0,0
107,18,32,106.01223971892045,1984.1055054595815,1,2,0
108,61,19,97.98509888933498,2489.5686362441957,0,8,1
109,25,48,23.961882534835716,3295.8988717728153,1,4,0
110,41,11,68.05069472578289,4757.602157672397,1,9,1
111,28,46,30.493017841817487,3043.1902260869438,1,1,0
112,68,0,44.204501586252746,3743.610189265143,1,6,1
113,34,25,118.66625932671465,2580.7036915264935,1,1,0
114,25,13,34.24955429015132,3207.1097537440232,1,3,0
115,52,37,69.88881534513561,447.5678590554898,0,6,1
116,52,36,81.81557343181191,1346.5187461250503,1,3,0
117,50,10,90.2464970544104,1873.0801567051797,0,6,1
118,22,35,75.96486834869141,2415.2174395319166,1,6,1
119,59,12,20.977084741918365,323.6788529616803,0,0,0
120,56,42,52.64613082439919,786.1180780112567,1,5,1
121,58,2,71.77116433847114,1456.3901081773984,1,8,1
122,45,32,28.786649914483334,4860.510185415148,0,1,0
123,24,5,55.06269312091808,1723.6003348049487,1,2,0
124,26,49,23.320310879136656,2462.001184749204,1,9,1
125,25,55,27.857849715502073,1060.8787924181254,1,4,0
126,29,9,59.69232762015961,3092.8223482712647,0,8,1
127,51,4,33.271575404306034,1475.347756028274,1,3,0
128,50,22,76.75408482615582,1114.2636343482911,0,0,0
129,65,9,88.94649691372658,2631.2058793852975,1,3,0
130,40,43,100.05866991090829,126.97841588606202,1,5,1
131,41,1,40.01502442448101,137.5537599812041,0,4,1
132,54,12,36.74825822590697,1173.4371645991032,1,0,0
133,52,39,30.456784033440027,279.9346762540236,1,3,0
134,61,1,83.64302495436367,629.3261952403877,0,5,1
135,57,19,90.64757264869012,1760.4171817598829,1,9,1
136,39,0,23.158614482564204,4032.669829941083,0,9,1
137,44,36,113.62122462436898,2903.038352509574,0,3,1
138,52,8,25.19712836514724,2612.0718571864404,0,8,1
139,18,16,74.12963353010704,1538.095233719796,1,4,0
140,52,8,90.90605194509165,4665.5932252208,0,7,1
141,54,10,107.09691237460856,2045.373702062239,0,8,1
142,64,14,91.40869321324278,526.7545572992803,1,9,1
143,31,23,100.17280830697918,3123.625928977226,0,4,1
144,20,37,53.94501925428061,657.8081280353468,1,5,1
145,18,54,101.48251137465122,1791.5933997282912,1,0,0
146,22,34,28.011484638467515,2586.3184997172634,1,6,1
147,43,29,109.48166560605276,4383.690370957362,1,3,0
148,31,30,74.75923761537362,2518.3782436665815,0,1,0
149,56,48,101.72977699624937,3541.067953555155,0,4,1
150,44,4,65.23182845183001,4964.802511095445,0,2,1
151,26,59,84.35776951965249,744.2966875001099,0,5,1
152,32,43,72.64026609361132,1446.1844750456455,0,7,1
153,32,49,93.15895217553319,2033.4227704284674,1,6,1
154,43,13,28.162998203058958,2166.9580748402736,0,2,0
155,59,52,26.03520839905638,2114.0032688011743,0,7,1
156,30,55,44.71032340101465,4547.293912527119,0,1,0
157,68,10,35.95446801131884,3598.7599578875966,1,9,1
158,49,8,107.17835665922017,3078.7355490444484,1,8,1
159,56,33,41.92139873580443,1615.9263175276321,0,3,1
160,66,11,117.58652558191314,4136.572882684344,1,0,0
161,69,34,53.68957917711069,4779.796506276446,0,7,1
162,49,34,38.21179156886993,4123.87158449611,0,6,1
163,21,0,98.96985071424791,107.66901543821723,1,4,0
164,47,39,85.87077755008761,3218.3667138986943,1,9,1
165,54,21,69.8195716453139,350.56336906629355,0,4,1
166,40,59,75.53635509376312,1362.2753796352372,0,6,1
167,56,28,91.92017782722638,391.67103170408126,1,4,0
168,62,7,42.84547413312987,3058.597719452,0,7,1
169,32,10,119.63339160567419,3464.290576113773,1,5,1
170,60,40,117.4793162146783,660.9894265229351,0,4,1
171,46,36,85.03256863469369,1980.8105269203995,1,8,1
172,53,13,39.95424509291451,2335.558893882156,0,1,0
173,30,59,88.02282424312914,1908.3598066284912,0,0,0
174,49,29,27.219840897917585,693.0225023774459,1,7,1
175,24,34,23.065250220580605,2152.8441719186294,0,2,0
176,68,20,45.76828885112137,3780.7724342612487,0,6,1
177,39,36,66.26229567393163,447.9375562129518,1,9,1
178,45,4,106.82725054083805,492.8820690013269,0,7,1
179,19,18,92.7169069766308,1838.3793299963227,0,5,1
180,59,58,94.2706521199981,4714.455986932733,0,9,1
181,62,13,62.54933344480754,3376.0059689422787,1,8,1
182,23,25,54.59349925469629,3425.4827876955674,1,6,1
183,45,3,57.10387629846027,1873.4079551055383,1,9,1
184,45,24,118.76495637360578,3008.9378769218383,0,4,1
185,61,44,24.010919141248248,149.64280173594256,0,7,1
186,61,41,106.70314961224486,3216.8706274067567,0,1,0
187,37,24,77.86754085723935,4575.10604312356,0,6,1
188,47,17,63.86154191895905,3101.609994889614,1,3,0
189,28,39,92.52576604151365,4381.12310798509,0,8,1
190,45,7,68.66689414247028,3647.46797178386,0,0,0
191,42,38,107.34232380816606,690.7362403780822,0,6,1
192,56,39,110.07018640112585,4522.021205700625,1,5,1
193,50,13,62.17209268734554,425.5748373432969,0,7,1
194,18,31,47.682779723505156,2716.4406154840426,0,4,1
195,44,50,79.23503285933623,796.4719065879426,0,0,0
196,69,37,111.2363345616691,157.36239258142993,0,0,0
197,30,32,41.06621890056666,2167.9678746254313,0,8,1
198,58,22,82.29665835634827,1545.6994675053656,1,9,1
199,20,14,83.15602200925206,2481.4024196082546,0,5,1
200,56,32,93.3113022415281,2928.279444999299,0,9,1
201,23,24,33.15676851272598,314.321454313842,0,4,1
202,25,16,91.58249646820886,702.7161461063537,0,0,0
203,44,32,110.9032520665641,2837.347742607084,0,5,1
204,26,46,37.968310887024195,1781.5200305460253,0,5,1
205,54,54,43.75433249238776,3672.950088992295,0,2,0
206,50,1,117.13950940416396,3296.2290781005045,0,7,1
207,68,13,38.097695270948975,4243.461378650543,0,0,0
208,59,52,105.4385093369579,3493.214850679204,0,0,0
209,61,39,69.22778564480348,2206.662279211726,1,5,1
210,41,39,44.723107440317705,3397.5364497327187,1,9,1
211,32,50,107.07499012725114,1449.3677538515508,1,0,0
212,49,38,64.53052550026655,1600.936144013242,1,5,1
213,49,50,71.48173539296901,3966.0272836118875,0,0,0
214,41,5,55.92333693997657,2287.4556303677527,1,5,1
215,58,5,79.29508514349274,4012.063668539927,1,2,0
216,69,2,36.352387258502276,4129.869630974565,0,7,1
217,66,6,59.10815366517607,4302.05545454029,1,5,1
218,66,50,116.94123223352875,4591.512655621916,1,0,0
219,69,7,45.81334327011275,2211.8275805151516,0,4,1
220,29,41,85.67366645412922,1662.4474097735804,0,7,1
221,56,51,52.51900642246949,2952.7738583111577,0,2,1
222,19,14,97.34731256866006,1918.744874844375,1,5,1
223,20,46,33.087366071834985,3045.2634173211413,1,4,0
224,66,28,116.98210450785447,3557.370726954741,0,5,1
225,54,32,65.37895413836392,3473.184590611471,0,9,1
226,66,51,43.605046334646396,1935.3091463985945,1,0,0
227,34,29,27.349674733001265,917.6149883238888,0,6,1
228,66,38,36.97579050875407,2209.593758464817,1,8,1
229,19,26,71.97739485560177,798.7113060013528,0,1,0
230,19,35,53.70031764312863,4461.475472400661,0,9,1
231,45,28,102.88833658826094,1794.7995576155013,1,4,1
232,40,37,63.08875236618059,856.8527613942865,0,9,1
233,54,56,44.87142725876299,224.6940235381793,0,3,1
234,49,32,81.71449866040301,3264.529692803773,0,5,1
235,50,36,90.67772168854458,3220.821355528242,1,5,1
236,18,26,36.704190790094984,1768.9604162483292,0,1,0
237,36,54,36.761921628831765,451.3882553534899,0,1,0
238,19,32,23.667142693354297,2107.181584986637,0,3,1
239,61,3,93.64020150656405,1624.9657258106286,0,0,0
240,43,21,86.38045276218051,3417.891134701546,0,8,1
241,49,1,67.46308757498139,3068.3183223181827,0,6,1
242,23,9,104.41704489691972,1886.509268167946,1,6,1
243,49,4,100.56701529500532,1167.6735158494514,1,2,0
244,21,58,78.53543643967521,4941.3762341624,0,2,1
245,28,9,106.82712805132586,2324.6079438609627,1,0,0
246,34,32,40.58412100367683,3472.5437553231613,1,2,0
247,55,53,31.19196193977279,788.7095411339678,0,2,0
248,41,37,46.97496115169896,2479.3895283310494,1,3,0
249,22,12,25.708685608931486,234.92992736038087,1,3,0
250,69,30,73.1169528001032,2576.730077761205,1,2,0
251,51,46,113.66056922949615,4823.685294876742,1,9,1
252,23,35,23.934354066850965,1982.612893630421,1,7,1
253,39,44,32.21099140100268,291.08046161706676,1,7,1
254,28,23,65.21990282834352,251.6833755047833,1,0,0
255,65,51,113.38750175279048,2001.1351237396605,1,6,1
256,33,55,51.61561049767505,884.1221886696508,0,1,0
257,50,14,70.72348086883925,214.42527200811097,0,0,0
258,26,28,24.15728590503921,3805.4467083558666,1,2,0
259,23,7,34.834320096208884,2346.7627435212644,1,3,0
260,33,4,118.66301229588468,1517.2993826660072,0,5,1
261,46,28,116.51186964360456,4510.407596780756,1,9,1
262,20,46,20.49399809344096,669.0809049825755,1,4,0
263,37,3,115.18117854232389,4784.002261881064,0,3,1
264,53,11,83.91199378155004,1638.436915149029,0,7,1
265,36,44,106.79182945200222,4453.177994312538,0,3,1
266,43,1,65.47398556338591,3054.4200947493614,1,9,1
267,20,26,71.55960285792503,4150.866062733288,1,1,0
268,36,30,68.88465802569202,4921.664499731275,0,2,1
269,37,50,86.68642575461044,1513.1866453118541,0,5,1
270,49,50,33.96512547563129,4809.563878497205,1,7,1
271,24,35,22.997358987267795,2008.4612850218598,0,7,1
272,69,35,50.79299415911909,1989.0083332109193,1,8,1
273,58,25,90.46807627366466,1767.8968108470779,1,6,1
274,50,42,40.185345212294834,2752.8972760031675,0,1,0
275,57,26,87.34324333249174,855.3107115745868,0,7,1
276,56,4,116.99120461072704,2813.186278254255,1,6,1
277,35,19,29.39007157894184,2754.3535808090196,0,7,1
278,57,10,87.26021182251263,3833.318881763863,0,2,1
279,18,9,64.37502193045711,4184.884813494169,0,6,1
280,28,39,106.81422543775054,2258.1626165308776,0,9,1
281,45,37,37.71497894473859,1581.4329218223193,1,8,1
282,42,5,89.26259522261645,1370.740996853763,1,2,0
283,67,7,103.81152896481102,1053.6567998538724,1,9,1
284,40,22,114.46142194740233,382.47315277522193,1,5,1
285,48,46,88.32480282896458,1777.9950962900953,0,1,0
286,47,25,69.71747640084273,1424.213691440838,0,1,0
287,59,45,81.78472402012139,4835.445190745396,1,4,0
288,52,42,106.89049844787182,2832.7732486252153,1,4,1
289,24,11,77.06097466388297,1801.657491249487,0,6,1
290,33,25,23.038705969683686,2944.2912448691104,1,1,0
291,43,12,113.09486955069778,782.063836593908,1,6,1
292,65,39,88.95267510315611,2275.8143710907943,0,4,1
293,69,17,87.65133857772466,3168.5481749632127,1,5,1
294,66,24,41.567515239771716,2495.599375783012,0,7,1
295,19,32,85.88854702326572,2068.716123206189,0,9,1
296,18,46,59.386440565415846,4969.857105608521,1,3,0
297,65,39,85.12329770414921,4413.542334529742,0,6,1
298,29,59,30.659303030799073,3154.6891949812566,1,5,1
299,22,42,85.7845304603036,2889.9490697931856,0,9,1
300,54,11,119.94137257706666,3141.236351140462,1,1,0
301,49,43,24.821203886055603,1086.429328329923,1,7,1
302,26,35,117.71741842213173,2036.1749419951611,1,9,1
303,58,47,60.690796072287064,293.35171116540664,0,8,1
304,52,3,107.07534503372591,2430.175583685451,0,4,1
305,36,4,98.23854840582734,2760.8204613925495,1,9,1
306,65,55,76.70162609866678,1215.9737069057269,0,3,1
307,33,36,93.84492092513266,4823.741351111017,1,5,1
308,20,7,107.8515561301348,4556.327593592486,1,7,1
309,37,41,60.4140321651033,3638.501853733939,0,2,1
310,41,48,52.70331615632387,2713.5944809502766,1,9,1
311,50,27,86.75933855635847,4362.848882273656,0,0,0
312,41,30,100.78459419412586,740.1964847349683,1,3,0
313,69,57,96.22851347766158,3973.4979919469365,0,3,1
314,28,8,99.78136488586345,711.6219884375566,1,0,0
315,66,53,63.5583314812933,3991.632246492087,1,8,1
316,25,50,101.78342161750216,1451.2610844316491,0,2,1
317,53,28,32.02090553706084,4397.743846989126,1,4,0
318,55,13,74.44890979608495,4725.80625974445,1,5,1
319,57,39,20.575866049812156,829.1002500850666,0,7,1
320,37,40,52.45858299002703,2367.110464820428,1,5,1
321,52,21,56.646153487139784,4906.838152997157,0,2,1
322,65,10,59.61726916092554,2468.6964362684184,1,5,1
323,42,22,89.54672066898621,4331.382860321271,0,0,0
324,52,0,58.85581012703457,2984.7844584434674,1,3,0
325,42,45,64.86936226225306,1939.1165488060492,1,5,1
326,46,36,43.754413087432745,1500.339422076764,1,6,1
327,35,20,57.325179162934006,1095.7931463218276,0,9,1
328,63,25,42.72696272631515,3832.811137750716,0,2,0
329,35,45,27.319592376844362,1994.0484834328365,0,8,1
330,19,35,80.3448593381378,2605.249764783681,0,6,1
331,52,53,86.82127985550163,2512.3948520057916,1,0,0
332,33,22,81.94903460096145,2928.667243242343,1,1,0
333,58,56,66.34940438005724,4341.328013560306,0,0,0
334,53,0,57.978578017922985,4905.622783558804,0,8,1
335,50,53,106.33336495718252,2097.162622011703,0,8,1
336,21,54,71.9081785136218,4154.842718320885,1,6,1
337,50,50,67.91818776297309,3846.1861938081165,0,9,1
338,31,39,22.564206580643567,2910.291862132309,0,2,0
339,38,14,54.12478276261564,4784.631003698472,1,4,0
340,65,20,58.019561878585705,1082.3251260891736,1,3,0
341,37,46,59.88227808969005,635.394630517145,0,6,1
342,25,8,78.01723692273323,4284.413638081569,1,8,1
343,24,52,73.36025467268784,2251.8341015053666,0,1,0
344,20,8,80.79050927934446,4250.147385614597,1,7,1
345,34,9,96.48832615421283,4476.142005457533,0,8,1
346,50,51,101.29857387160935,406.04220873345,0,9,1
347,65,56,91.81230762264944,4428.977338631697,0,9,1
348,29,52,115.55236959549347,2296.7633713101686,0,8,1
349,68,25,21.823258267636163,2601.119196120738,1,9,1
350,39,40,39.57779856835461,3170.30330435673,1,6,1
351,39,34,20.756287497814213,4639.2747729774255,1,8,1
352,63,51,84.7474714154603,193.66886270584374,1,8,1
353,47,24,109.8030548949987,2436.5329947573036,0,2,1
354,55,25,44.34822965762993,3469.8380079097474,0,3,1
355,55,10,112.70345447963066,3641.2640927213192,1,1,0
356,62,37,26.026739028956086,3493.408914531829,1,9,1
357,68,1,113.44360268055144,758.7321340997971,1,2,0
358,25,6,55.16226872396344,1567.0383830212381,1,4,0
359,44,17,30.142082844921653,1857.706074543366,1,4,0
360,44,26,68.58717591863257,4041.7423176295747,0,5,1
361,51,33,45.677656772050796,1465.9233748313097,0,6,1
362,38,26,48.48729019619228,1132.4543229492956,0,6,1
363,47,16,50.72899649262866,4791.495293286671,1,0,0
364,50,42,100.30258978326634,143.4300970559976,1,1,0
365,45,58,73.91612766752544,4989.322192841693,1,8,1
366,64,43,51.13076991560037,3416.4243644012386,1,9,1
367,50,58,81.03337833109184,4159.499567300673,0,1,0
368,22,50,91.61506742231936,1543.6350420963465,0,5,1
369,65,53,47.262400073353376,170.14486056859388,1,0,0
370,36,23,61.354910152535155,3715.560640951497,0,2,1
371,21,24,32.18860933369476,4187.308525303311,0,1,0
372,52,6,38.11493495346803,3728.333046572244,1,2,0
373,66,51,88.11178539649828,799.9664077741091,1,4,0
374,34,5,38.143834769562694,3791.7968190591487,1,9,1
375,61,52,72.51633836670602,3867.7216323274406,1,5,1
376,45,23,90.90462617224327,3326.848526783269,1,8,1
377,47,32,30.687692309474382,3853.9680706983722,1,9,1
378,46,48,76.73122196289036,4245.015054420887,0,3,1
379,63,28,45.65627837013638,3106.6601597635463,0,6,1
380,23,42,116.29268752375798,534.1630984514273,1,5,1
381,52,21,68.35456467199248,2489.376267369333,0,1,0
382,58,25,100.59925497751581,480.4817398908648,1,9,1
383,54,27,75.02265421562618,2096.9608520589113,1,7,1
384,41,49,24.341253285481915,2094.8217967155756,1,6,1
385,46,20,83.31513755940223,423.44823628718376,1,6,1
386,66,48,115.14033422066571,1809.2206164504487,0,7,1
387,63,6,80.16118201463311,643.8906840774426,1,0,0
388,48,16,101.91888594267903,4060.3525290451885,0,0,0
389,52,19,108.42064633484078,4743.671327225907,1,7,1
390,50,40,42.80797719489325,454.35072876389916,1,3,0
391,69,48,41.204483990822666,4780.064515729337,1,4,0
392,38,19,81.09809888509918,2660.6253367500512,0,7,1
393,49,53,61.10284698067047,1567.8718219739822,1,4,0
394,40,21,103.98613028667204,476.6241688532012,1,9,1
395,50,27,110.00231233980112,2553.0589135450473,1,3,0
396,20,39,55.34213793027181,3993.1261680046687,0,5,1
397,35,48,43.687055897448204,3564.723738606821,0,4,1
398,42,6,98.05255152438619,346.10745617347146,0,6,1
399,59,0,47.48060355481361,457.2189933027272,1,9,1
400,48,31,102.26143185136785,2074.079084899922,0,6,1
401,20,12,62.37382536487628,1546.9234208349221,1,3,0
402,57,29,86.75498992914704,1238.6831829746343,0,4,1
403,63,22,29.55353138346682,1476.9220446526965,0,2,0
404,41,50,82.3859324676573,4037.0654421547347,1,3,0
405,67,58,65.17676787372291,4653.217462796084,0,3,1
406,49,55,78.66084631754741,2085.0032031850756,1,2,0
407,64,18,36.801420774486346,4539.943910449236,1,9,1
408,39,31,93.68737449441821,1675.3289361146217,0,4,1
409,40,29,106.27970775432286,2434.541233084579,1,4,1
410,19,28,41.67398000907757,1207.5420892983987,1,6,1
411,44,48,29.57145555201617,3238.3326066616355,0,3,1
412,59,44,22.36385860463364,4897.007464356564,0,3,1
413,19,28,84.1971500443266,3057.1161706125554,1,8,1
414,43,29,80.70940360887808,1853.2890121563894,0,5,1
415,34,15,74.669741271407,3274.305485353589,1,3,0
416,57,39,43.19470961159754,702.3113244803991,1,1,0
417,50,18,59.09059959055147,4454.429493300453,0,5,1
418,26,17,79.44763351861731,2565.1113588211983,0,1,0
419,60,0,69.67668588591694,2301.813735994246,0,4,1
420,65,13,118.77855202148874,2970.737463422244,0,5,1
421,56,50,33.64397525567331,3161.440927668072,1,3,0
422,46,46,89.51445540475937,451.70145050991385,1,2,0
423,59,49,60.431876810429216,3444.8243839946717,0,6,1
424,43,1,62.819961492561475,1285.465233546095,0,1,0
425,52,53,91.75977656581762,3598.36789928229,1,5,1
426,67,27,89.24361513243696,4130.420492482564,1,3,0
427,42,48,119.12559937021884,4039.3966870073496,1,5,1
428,41,49,32.83942894541252,2807.2547402986565,1,3,0
429,30,29,30.410964938416633,2648.8324723226806,0,3,1
430,24,37,92.43388171287411,800.0922105631174,1,3,0
431,53,50,77.83869170064091,3899.1961369753644,1,8,1
432,62,3,47.416066655980586,1429.9059641889005,0,6,1
433,37,0,27.94193689889866,2533.807571807938,1,2,0
434,18,7,28.565824959643052,1492.943055344832,1,2,0
435,25,28,109.41908746641182,755.7589786984964,0,5,1
436,63,54,39.18673247187429,3184.832714769509,0,5,1
437,33,38,52.33715621155208,366.22697063222876,0,3,1
438,31,2,42.665640222698805,3768.36164721838,1,8,1
439,29,31,55.49963058319373,1656.1752967794716,1,3,0
440,68,9,26.94238427460934,100.65999572197806,0,8,1
441,40,9,71.90597909082703,2604.532782262426,0,3,1
442,32,18,26.76125635922149,329.5743517852553,1,1,0
443,45,45,100.03565078223616,1453.2308333224073,0,1,0
444,51,33,43.3712081910433,3564.1847885330094,0,4,1
445,19,59,74.00119146045105,407.17914594714273,0,3,1
446,49,32,108.00790875614582,4212.758612544411,1,6,1
447,40,22,85.08773690471942,118.71762102705723,1,4,0
448,39,54,73.29577865513353,1309.436959089321,1,5,1
449,68,27,52.43337531153756,3730.42987514515,1,9,1
450,42,31,53.300191305819794,1649.7237336736032,1,3,0
451,39,49,86.94869551981901,599.2727015234663,1,1,0
452,39,6,119.41393612211675,1865.1462021220966,0,9,1
453,66,28,86.18391898493786,1424.927103284175,1,8,1
454,69,7,75.77834173700249,4229.288320586719,1,9,1
455,59,0,93.06505102392461,1635.4047961672013,0,6,1
456,23,56,66.52056122837182,3965.7691117024356,1,3,0
457,32,54,26.01423426007852,4470.1735095726,1,2,0
458,60,2,76.22968158779098,2225.705355924995,0,9,1
459,54,23,115.76252845053801,4558.721404886521,0,2,1
460,50,22,37.530294235765965,1948.8584644196449,0,8,1
461,25,58,89.00048908206658,4823.98424080153,1,4,0
462,61,7,40.093368865905646,537.5186701753073,0,2,0
463,61,53,73.58276844730813,3466.3944058658894,1,4,0
464,22,56,29.66764496467196,2519.6887982389503,1,1,0
465,56,46,65.03709362581851,1999.4791467326706,1,3,0
466,21,36,95.61633288952461,3200.2882058681444,1,9,1
467,23,2,54.757152423898205,3548.899749008223,0,1,0
468,62,50,86.4911724487218,121.38002128651453,0,1,0
469,49,32,99.54499607897291,918.0701348612737,1,7,1
470,69,27,112.71778194794527,3593.9256481081616,0,0,0
471,47,46,43.46420818554535,3365.2885265332116,1,6,1
472,64,7,59.931591580930814,4833.632775130518,1,4,0
473,52,33,35.24160133304174,3829.0851722288367,1,7,1
474,57,34,119.24835021583752,4758.786267883556,0,0,0
475,69,31,112.70009679242953,3542.4484575205543,1,6,1
476,33,23,73.99571302805596,1560.4558223332715,1,4,0
477,30,13,104.20332943764213,616.2881190291968,0,3,1
478,67,31,72.09579772720421,3930.9369303901844,0,6,1
479,59,55,82.35856880027598,3256.331185231988,0,9,1
480,47,45,28.912443211601662,336.1114607271515,0,1,0
481,36,42,95.52704204968079,1864.247282914794,1,0,0
482,34,15,32.77134836352348,4788.319095873002,0,0,0
483,36,3,102.60676302525283,2551.965613979986,1,0,0
484,45,51,98.20280876703859,2220.3727664965527,0,4,1
485,43,36,90.87446977429764,2342.7280652805407,0,9,1
486,54,53,23.616038052476213,1123.5253476253022,0,6,1
487,43,20,50.312835594532864,1906.6651372374965,0,1,0
488,40,13,46.311256991084285,1912.0849543371655,0,9,1
489,26,30,56.01364074715191,356.5395989186148,0,7,1
490,29,54,28.764274676383856,3861.0813797377996,1,3,0
491,18,47,113.69578230310628,2140.871716329007,0,2,1
492,18,17,75.38022407123762,4128.681445400474,0,9,1
493,64,6,50.55243106580235,4266.705205487488,0,7,1
494,51,9,59.698151707428345,1138.7708680234246,0,1,0
495,49,6,64.72025405048356,3321.03206263363,1,2,0
496,65,32,80.05943333606173,2414.1808403986106,0,2,1
497,42,22,71.56794276964978,4412.768015815277,0,9,1
498,57,20,111.93919732144174,1157.1293279646252,0,0,0
499,62,18,69.69634829058303,3421.2846815192165,0,5,1
500,18,47,119.21580148233127,3077.985399038341,1,1,0
501,33,18,105.14249577450957,1546.9772401019807,0,0,0
502,56,35,40.85105143573358,769.3444278907458,1,1,0
503,22,28,113.05952146439162,3293.034826338655,0,5,1
504,39,59,31.63663978854761,3719.1275448484203,1,3,0
505,46,17,101.74497084911916,1646.573984440415,1,5,1
506,20,1,58.06232934765801,3259.6797597093378,0,8,1
507,29,0,107.79743204450695,2036.141447296366,0,9,1
508,43,46,106.80566901074504,3594.713728084827,1,9,1
509,33,4,100.59254001176211,1076.1548469808602,1,7,1
510,68,19,99.00304363070614,4462.053512917254,0,0,0
511,54,10,50.46791390980408,1508.3070226813406,1,7,1
512,39,41,28.09192830512522,1902.1513400051492,1,8,1
513,46,1,60.29801787651615,384.65056519371393,1,5,1
514,31,2,37.352451498650865,646.4098403742544,0,9,1
515,45,22,89.49510889024617,2627.7233232904077,1,4,0
516,22,54,54.609972653778556,1411.2041159670603,1,5,1
517,64,11,117.56102008599149,4193.853106136752,1,5,1
518,66,19,84.0972077345332,171.99760440927383,0,8,1
519,47,4,102.24805636343609,1957.5608384924874,0,3,1
520,63,36,33.252467274184845,1752.9931791685542,1,1,0
521,69,37,106.20144822726226,194.70539149624508,0,8,1
522,22,29,112.27571905133944,709.4051551025001,1,1,0
523,29,8,68.70619188189359,2126.8491071013127,0,9,1
524,33,33,80.62529377509775,2515.0364637924886,0,8,1
525,43,52,96.48098009029954,2081.0197615488587,1,1,0
526,43,43,37.48386272604125,2701.59462421926,0,7,1
527,65,34,70.25660764634424,3016.1452070378396,0,8,1
528,38,51,59.86630277723131,148.62672352639458,0,9,1
529,56,57,34.637399216224914,2374.066281322169,1,8,1
530,53,21,56.753442229153144,4821.146280349183,0,9,1
531,50,43,26.817230938549358,2643.258172634789,0,8,1
532,47,23,22.5811906949487,3419.957110548871,1,1,0
533,54,16,33.51662891548228,1628.1329037927278,0,3,1
534,40,9,116.31151115891738,3892.5577529485363,0,6,1
535,27,29,74.9529535895017,3887.315261192964,0,1,0
536,22,55,116.582216115322,2654.3506335052807,0,0,0
537,53,58,63.2497878330132,4882.4677340681465,0,2,1
538,51,45,51.181613308525954,715.1960523370016,1,3,0
539,69,22,70.61418628402441,183.04355795894688,1,7,1
540,48,31,63.95116886329101,3873.77523760977,0,5,1
541,27,16,30.566468426174392,4055.0621330879244,0,1,0
542,36,49,84.08263146902063,689.0154226908236,0,8,1
543,49,50,41.60381825095996,1401.3558814971698,1,1,0
544,18,16,81.95879548978296,186.00658049648166,1,4,0
545,22,13,85.02010923981534,1537.212192824767,0,3,1
546,62,8,35.20248531286481,3888.3951822014906,0,6,1
547,21,39,26.134962711066816,2638.006585791637,1,7,1
548,33,1,98.07615860684398,1805.6684065246116,0,4,1
549,41,44,65.98004237693202,1921.5225450410185,1,9,1
550,33,24,25.81637955054758,106.63276600579395,1,4,0
551,19,38,119.48663171697672,1569.0225850696559,0,1,0
552,66,8,25.778056099636665,3267.6478340258595,1,7,1
553,45,53,89.50352288585532,4873.55277470015,0,1,0
554,49,21,118.36789252634136,4250.5980522211075,0,9,1
555,44,42,43.91801042159256,215.61532676309272,0,5,1
556,37,45,34.22493686871962,4502.9469629067125,0,7,1
557,41,3,32.13849394224289,3937.6722251632673,0,5,1
558,29,25,50.327514756759555,3923.843005497804,0,3,1
559,67,57,30.104581101064667,2344.1792191175005,1,3,0
560,52,28,89.2161341694132,2050.225935477064,1,5,1
561,50,44,26.22917981300627,1584.2870712826439,1,3,0
562,50,33,70.94221281497897,421.9048088763923,1,7,1
563,68,22,119.66968538529768,1218.3532811191255,0,8,1
564,60,36,101.39702695060188,1308.3578113923206,1,0,0
565,54,10,81.52194382310108,2471.977641579988,1,3,0
566,29,5,50.62536207866117,3762.4775923238003,1,3,0
567,20,17,82.38958362916385,2421.668159149938,0,1,0
568,18,20,72.70414639116517,383.437802291087,1,5,1
569,50,41,62.60833838903715,4793.170024842199,0,2,1
570,57,35,33.07103767401995,4719.34916356115,1,6,1
571,27,40,108.66042152404667,3947.428761427201,0,4,1
572,60,37,64.97846488213226,4957.506717664681,0,3,1
573,61,33,39.46225118207651,2767.963430721288,1,4,0
574,46,16,56.77593508772896,4817.56491624071,0,7,1
575,30,36,61.4129752528927,470.4646990220788,0,2,1
576,29,24,102.75378955668742,1891.8356664807195,1,6,1
577,48,37,93.3614380561402,1204.3682132331526,1,5,1
578,63,57,96.93048936413398,1059.5821122579232,1,0,0
579,19,11,21.10312644286472,789.9344495741128,0,6,1
580,68,22,61.615399817976154,3149.826843673384,0,6,1
581,67,52,68.13441516353237,3928.477093161795,0,0,0
582,52,41,21.919227682305667,2933.662157159767,1,8,1
583,40,21,45.981320874503425,820.1172769822274,0,5,1
584,34,20,96.0289823122135,4074.5064726740075,0,1,0
585,43,26,33.7109705728999,3216.1780651022696,0,4,1
586,25,56,73.53101314525917,2002.0119600222781,0,3,1
587,46,30,41.52018720172375,3403.2384481267086,0,6,1
588,43,5,21.212077464389328,1373.534398289881,0,7,1
589,27,26,44.12014575995415,1791.4418216216316,0,0,0
590,43,39,117.58737549100537,4595.680631346752,1,4,1
591,51,33,100.15371118829896,1523.47207778996,1,2,0
592,68,11,115.95766443210334,2402.942513973889,1,0,0
593,58,44,68.78540439263624,4461.691573240471,0,2,1
594,24,56,30.97361986775035,3567.8346163108845,0,5,1
595,21,52,74.7959488973693,404.7958082070435,1,6,1
596,67,6,65.43773345599608,821.7849169669547,0,7,1
597,62,9,104.4357082739616,138.4237947823924,1,3,0
598,28,44,29.80825807842446,3191.5167721229004,0,2,0
599,46,16,68.82411370217781,2293.5997845110496,0,4,1
600,53,25,35.00486646939842,757.9467694211501,1,8,1
601,42,20,52.467592689006,4793.877193178175,1,5,1
602,38,27,93.73570773877996,2695.3326473335374,1,8,1
603,53,57,67.60181293687666,1285.277141153157,1,5,1
604,27,45,57.58882851457693,2552.957498658067,1,1,0
605,54,1,59.44762785700353,3430.139630402028,0,4,1
606,26,59,65.94467684059866,473.5721680704659,0,8,1
607,41,53,98.50165438370568,1446.0486937346707,0,7,1
608,52,42,109.20846889402344,4054.1309053315686,1,6,1
609,66,0,115.53346865039283,2352.3578649730403,1,0,0
610,52,50,98.6903386255295,2778.227995958245,1,3,0
611,65,52,51.54068957480127,2220.7984108263995,1,6,1
612,53,35,88.81347060865421,315.1097189507251,1,6,1
613,35,50,63.760312405539196,912.173921118764,1,5,1
614,66,25,45.46706220460512,2283.154029835265,0,7,1
615,56,28,104.08715794259226,1125.0087804988464,0,5,1
616,49,20,23.8426348962325,344.8972404324258,0,9,1
617,41,10,110.17619921354235,4233.883353853937,0,2,1
618,40,39,66.14774646247342,4907.843392904168,0,3,1
619,49,10,83.72014768082805,3986.400082584023,1,2,0
620,54,35,85.93539222057827,4283.546116352868,1,0,0
621,29,48,109.51177407065364,1285.6879385535224,1,9,1
622,66,58,83.66696821672073,4807.072180014678,1,4,0
623,30,38,81.39335847600617,1064.935951821799,1,0,0
624,40,39,26.665204056068998,4762.006070772978,1,0,0
625,42,34,71.8408021945204,4974.61454043316,0,1,0
626,52,53,35.016900081704165,3587.441748155639,1,3,0
627,58,33,93.74337687214856,4907.6042857799275,1,5,1
628,47,54,71.22219208126745,2890.744919878808,1,7,1
629,34,46,88.02277792083532,1371.7547375628426,1,2,0
630,66,23,24.167290060238425,2241.2798397615425,0,0,0
631,37,53,28.47920160458032,3008.448583356051,0,2,0
632,65,21,91.63233880626822,458.0996539323734,1,2,0
633,42,4,27.208433599867337,3149.481996624506,0,4,1
634,39,55,27.12567277652586,4907.771400135243,0,3,1
635,30,32,21.210847523488745,1031.5274839402655,1,3,0
636,36,57,115.65013982994802,3983.7160698130783,1,8,1
637,66,35,93.75083594590069,4548.704089520134,1,6,1
638,53,46,55.32514085020642,4724.137804819082,1,3,0
639,29,19,49.653558128765525,4804.664461586692,1,2,0
640,58,18,54.97032297458495,2655.1522297352126,0,5,1
641,36,34,97.46535311811819,4888.808749158368,1,2,0
642,29,51,86.13706110704143,3810.8200149587506,1,5,1
643,26,42,38.51955678674679,892.1900375611133,1,8,1
644,24,16,37.41093353340843,2436.810521693053,0,5,1
645,45,58,29.839564971339733,3619.8227593228194,1,3,0
646,31,44,86.03027197013381,1311.9675475135084,1,4,0
647,48,42,96.43726622217359,3239.014399389548,1,5,1
648,69,33,46.5046428325004,3366.3423473284342,0,2,0
649,36,8,22.09449610309128,897.2287446619729,1,7,1
650,64,25,28.217166747642736,2868.9180310185056,1,3,0
651,33,1,116.78600348450304,3880.971863795178,1,7,1
652,22,52,49.54447774774203,2544.5887562261155,0,9,1
653,52,8,96.92231478381336,159.30527220292637,1,9,1
654,29,8,82.46635688542638,144.28849848853167,1,2,0
655,42,39,58.19396396528959,1849.4437854530597,1,9,1
656,69,16,40.56872621955551,4638.3509353157315,0,6,1
657,38,0,32.138641815940645,1220.516220057683,1,8,1
658,53,24,81.50129680388666,3208.382075471267,1,3,0
659,40,42,97.4633780637788,1188.1717663972709,1,7,1
660,33,39,84.39042535411306,1676.1829493317882,0,2,1
661,56,41,73.03021332491583,4255.406239047272,0,6,1
662,62,24,24.195122343163625,3671.4210671227397,1,2,0
663,59,38,116.84887775943838,567.4564588347321,0,6,1
664,56,34,99.87141916545745,2200.639902833525,0,9,1
665,31,2,49.28220367009647,242.9318418617959,0,9,1
666,48,49,117.99703293588506,2456.361718354744,1,5,1
667,22,36,80.1881589636322,3345.926657335234,1,1,0
668,52,43,78.24226582072465,680.6628556309427,0,2,1
669,40,43,94.8073179429532,1515.5362006549117,0,5,1
670,46,50,101.17697880901376,2049.399464960569,0,3,1
671,60,29,85.64786073315027,4605.702020814644,1,5,1
672,28,37,32.80957463662,4966.949575572524,1,0,0
673,35,33,53.82675059944984,320.0653650785177,0,9,1
674,64,11,112.80836403260497,3828.938825127421,0,0,0
675,29,18,42.46156118438519,1921.447925371482,0,2,0
676,26,36,57.21670238375133,2023.0451125244522,0,7,1
677,27,43,63.2076882944196,3795.8983694004114,1,7,1
678,61,58,63.940498969445215,4600.289517512502,0,3,1
679,34,58,81.29395824945256,4759.550113062487,1,5,1
680,55,48,114.30758377447076,2927.9006715877717,0,7,1
681,24,16,44.06927118325049,1849.8936805724638,0,6,1
682,63,9,32.150137630091805,3958.9905207080183,0,6,1
683,30,56,39.74704898599373,1329.9067779852712,0,3,1
684,57,54,108.69249002092695,2863.962741284237,0,8,1
685,59,48,84.5810812655206,1857.0344614718786,1,9,1
686,26,46,48.590678923916016,3317.492261168593,0,5,1
687,67,11,101.59469389686173,1277.9546731781838,0,2,1
688,44,15,106.1369996363436,1038.8054341006464,0,4,1
689,19,23,104.6514338690278,4599.371524709642,1,4,1
690,22,18,111.89265336395545,598.8380464527309,1,4,1
691,46,7,45.22410201733616,2579.193747901165,1,7,1
692,54,30,95.50419287462783,1182.1786365187438,1,8,1
693,55,20,66.05394972741401,290.7568202957705,0,8,1
694,36,16,104.19985528900615,276.4922096279893,0,5,1
695,25,22,92.84906771616131,958.586683318554,0,5,1
696,65,36,97.64474464997247,4347.174737079401,1,8,1
697,62,53,85.61618376810715,1484.1458454874307,0,3,1
698,18,15,37.74287694697069,4757.249935818949,0,5,1
699,39,5,74.50269188969384,2949.949235647048,1,3,0
700,69,7,118.46697395245081,2239.409529866954,1,0,0
701,34,24,113.73880664971189,2942.4352898803277,1,6,1
702,24,17,24.31737357970117,2631.822087608712,0,9,1
703,42,24,36.481481572943714,3818.0036434108933,0,5,1
704,62,11,33.17287734545619,1484.2307232669762,1,8,1
705,21,14,92.59799099852955,1829.9469188414816,0,6,1
706,53,58,101.77853298569451,4481.062082412928,1,6,1
707,23,25,41.35113663106719,4737.636914436986,1,1,0
708,48,40,70.5852692951829,4473.535314683725,0,8,1
709,36,44,104.07030280112,2155.2951703908366,1,9,1
710,61,25,93.28015447662506,3923.79096473372,1,8,1
711,56,46,74.22372054918483,2434.045093175384,1,5,1
712,44,31,79.03476904587728,2537.945275515901,0,2,1
713,27,9,70.836054691628,1102.9325343806913,1,0,0
714,43,15,49.75484513188206,2996.5384859667306,1,3,0
715,36,6,76.50219928590161,1012.0658989914049,1,2,0
716,56,16,88.88853020500906,1724.6670254292494,1,0,0
717,20,22,107.33229158608077,4289.647987937682,1,2,0
718,62,25,83.62913539792481,1114.6714651331906,1,3,0
719,30,20,96.1121537043158,448.67559734982075,1,7,1
720,67,21,36.0071634954573,438.1372038027999,0,8,1
721,45,57,66.15574744197899,4709.844150465228,0,2,1
722,37,6,20.93316198270933,2583.9101460129896,1,5,0
723,45,13,44.6678864521623,2106.1191519033896,0,9,1
724,25,14,92.64617151130048,4073.3050469388004,0,4,1
725,58,52,119.18099513493634,4195.547046761529,1,5,1
726,56,6,29.91780995872159,1727.7360622664626,0,3,1
727,18,8,60.14943158612883,3498.7284816215965,1,9,1
728,20,50,100.00709686991596,3878.5017976742442,1,5,1
729,30,47,40.403563462889885,3307.7883656431773,1,6,1
730,45,7,75.50849493022862,842.8158665204869,1,8,1
731,66,49,93.30712960296748,4391.827109233579,1,9,1
732,42,58,81.5985450260179,2741.5633084064425,0,6,1
733,50,22,38.80247346154162,1484.1148892130182,1,5,1
734,55,28,55.538456868573945,2183.6181086447,0,0,0
735,23,17,98.37917844853972,284.09834295464617,1,1,0
736,61,30,75.42265141320166,726.5473259898461,1,0,0
737,62,29,20.522961354291272,3851.179077527718,1,8,1
738,49,51,96.09907600280938,100.05701030129408,0,9,1
739,62,38,23.531135494023907,2141.1725595632315,1,9,1
740,64,34,94.57337827312321,2660.2998873193833,1,8,1
741,38,17,40.24805601652374,367.70865800476423,1,6,1
742,33,58,115.80734801193802,4868.082998564431,1,1,0
743,38,41,56.79407513020845,1208.0141231233924,0,5,1
744,28,38,52.69316163380791,1590.5737262177763,1,3,0
745,54,16,34.888805033244466,1589.318310049634,0,0,0
746,53,13,50.56042154902149,1229.0416443750146,1,0,0
747,52,30,107.66507618282006,107.22172822292593,0,4,1
748,36,23,119.63343376272474,3673.789491031182,0,1,0
749,37,34,56.83095305068483,4837.542949016498,1,3,0
750,35,43,64.86106309545426,1199.0380680967207,1,0,0
751,64,59,92.2070938202737,3348.9312398367697,0,3,1
752,58,44,108.61957804650746,3735.292002097704,1,5,1
753,66,33,79.30443341867841,4257.284357543571,1,9,1
754,31,2,59.15256981778293,2170.8830653666846,1,3,0
755,32,36,61.262184084862376,1584.3614376381033,0,0,0
756,48,42,89.56181464968068,1693.9461567128524,1,6,1
757,18,39,20.321826360427867,3591.844532182713,1,1,0
758,20,25,81.95893374598407,4102.219385877616,1,8,1
759,33,54,55.54930104413574,989.9084420073531,0,2,1
760,40,22,99.41973312770843,1917.6109399730494,1,7,1
761,28,43,29.299063982313214,4519.506964070835,0,7,1
762,29,38,78.82022669483905,4052.7982465042223,1,2,0
763,27,14,68.09728898861238,4925.806173536132,0,3,1
764,49,55,84.23255259052274,3795.816472442196,1,1,0
765,33,48,26.485359448296833,2026.656485036819,1,3,0
766,25,3,77.99837874281313,2994.125386573725,0,8,1
767,55,28,76.14845879595237,3338.9698458118696,0,1,0
768,29,21,76.0660094416171,484.43349995390736,0,2,1
769,41,24,80.34876665964548,2768.0350996089387,1,3,0
770,45,12,87.64679372263622,3575.6720595157867,1,4,0
771,25,17,100.49889996807697,919.8743896051958,1,0,0
772,45,32,46.98207201282143,3925.09541538523,1,6,1
773,53,15,102.5049410180062,2960.486624519147,0,9,1
774,43,44,69.82556822634537,4765.886749918213,1,6,1
775,25,41,27.705827913433115,307.86926121376933,1,8,1
776,67,43,25.85509292439792,1400.098074021788,1,3,0
777,45,1,53.42383186960608,3047.614008569138,1,5,1
778,45,54,98.48969771114676,1553.1435698090604,1,1,0
779,54,34,90.76809347409157,3600.6784039490867,1,3,0
780,58,41,98.86149646724064,3819.125884357462,1,1,0
781,53,33,71.72690564416094,602.3282239257248,0,9,1
782,44,29,64.01989979554905,2617.886874613162,1,4,0
783,34,58,34.745252670628396,2593.563722396174,1,6,1
784,26,54,52.81927536093116,1909.4757740561513,1,0,0
785,50,12,63.40193661738753,4671.331826591393,1,9,1
786,37,12,28.860042967961725,4154.780967378784,0,9,1
787,30,17,42.06119527112113,3516.32597135722,0,6,1
788,45,31,79.82252940637387,3600.200515101488,0,9,1
789,65,31,93.56631142391899,2362.4091046842836,0,5,1
790,46,34,119.83475113929497,4612.873153373222,0,5,1
791,30,58,113.31133313435576,3503.5175935410984,0,7,1
792,63,38,84.25651995351916,3672.0072021135006,1,7,1
793,52,45,62.1248053294072,4322.2854285579915,0,5,1
794,23,51,83.61773647082327,1442.950787776736,0,2,1
795,35,28,98.56516180802319,4054.6474289468447,1,4,0
796,68,48,31.833619092338733,1056.6789544868109,0,1,0
797,22,28,60.99048896962883,1792.1755659999503,1,4,0
798,64,52,103.98022856356172,1744.4912259222292,1,8,1
799,42,43,58.3832951933044,4894.774795106789,0,9,1
800,19,56,77.18722712271865,4297.032396364842,1,0,0
801,27,15,78.77693608621982,3535.7323217922726,0,9,1
802,47,55,38.447625313363936,3662.5781319154116,0,4,1
803,67,43,56.22354416522884,2854.1566925725983,1,5,1
804,62,46,53.451128874193216,4740.744268831743,1,6,1
805,22,56,22.61967085320648,2531.6678891235715,0,8,1
806,50,9,22.419176389135526,1964.5367783624831,1,5,0
807,18,29,103.16970436757735,898.8731509647959,1,4,1
808,35,24,47.30708099728124,3952.407696079184,0,6,1
809,49,38,71.80787662388154,3698.775267170398,0,0,0
810,64,19,49.8725573588773,1983.3396887682609,1,4,0
811,66,4,114.06792451153404,223.44772840022387,0,1,0
812,28,0,45.92967588657737,4211.0869058182525,0,3,1
813,38,29,62.96568127389351,155.9481189249608,0,6,1
814,43,48,107.27302504846018,3548.1289201823497,0,4,1
815,42,2,104.19335667918087,4854.25983765768,0,5,1
816,39,44,38.61014178462773,2244.540507926197,0,1,0
817,44,13,100.26433097957104,1251.3696844801686,0,2,1
818,66,55,65.81868867378927,3553.8679492125702,1,6,1
819,30,29,68.29688720853552,4103.927895876367,0,1,0
820,50,49,33.34799724159438,2777.5085487814517,1,5,1
821,51,3,28.060151375712465,4838.4728487551165,1,4,0
822,58,17,92.79393069737652,353.1767361240094,1,9,1
823,52,36,69.64611523552998,2573.4984316921878,0,0,0
824,18,24,63.68507026151796,3620.4243418804954,0,9,1
825,38,47,92.95082286523967,4326.938308630977,1,3,0
826,65,0,96.55128989911097,978.3524983481713,0,1,0
827,23,52,35.89081676693536,4020.017060642039,1,3,0
828,45,45,81.02251494776412,2808.264671020872,0,0,0
829,34,14,33.535408227768556,2043.1130417508198,0,1,0
830,22,8,95.13750860290457,745.4036400375585,1,7,1
831,48,14,85.69551562671396,4339.949218653671,1,5,1
832,22,48,115.6614621083458,870.6387200806053,1,1,0
833,55,56,26.89580163564212,1617.9605101245863,0,5,1
834,20,23,25.70547211512543,1521.2231066159407,1,9,1
835,40,3,48.218707469320016,4369.928767535186,0,8,1
836,54,11,46.1705683735906,3396.2446716236004,0,6,1
837,54,58,44.69787990719998,4003.7388462377244,0,8,1
838,27,57,110.62545805210367,1327.292704083245,1,4,1
839,27,36,44.95461998495061,3161.883088074295,1,6,1
840,36,36,47.1949726128631,2901.5553174043685,1,6,1
841,34,42,95.93982624179637,4180.868846262529,0,2,1
842,38,59,64.973984245054,4539.826596358176,0,6,1
843,31,5,97.67105569551812,159.56818023919536,1,0,0
844,26,38,26.536615756438525,3402.697603388084,0,8,1
845,63,55,68.75711936733843,353.9954156866722,0,9,1
846,18,45,23.361360018328263,2789.407458879044,1,5,0
847,68,23,26.265320345535454,1509.4003723140231,1,4,0
848,62,10,110.64374533444109,1603.205337658492,1,6,1
849,30,12,33.92453711175952,1829.4966669165472,0,4,1
850,21,33,73.24206822752171,3144.3330003430897,0,9,1
851,18,24,61.10956026007065,1736.8448317769692,0,4,1
852,66,6,54.73433262588427,3690.225347892374,0,9,1
853,57,51,109.98333456872724,2082.1841893119613,0,6,1
854,49,3,22.18233967754895,434.9306815187972,1,9,1
855,51,58,86.37896861755891,3940.4232281721256,0,6,1
856,45,7,116.33944342135504,1500.2157905042595,0,2,1
857,48,19,76.0168183461842,2220.557710036387,0,2,1
858,25,28,113.68224620330918,3458.6750277873175,1,9,1
859,56,53,25.225787928602376,1729.035170028689,1,2,0
860,43,52,61.87933190741614,377.26971511890656,1,5,1
861,51,50,46.015779096205115,1932.2131303627866,0,5,1
862,20,44,93.08209649807299,4727.798055202087,1,2,0
863,67,45,118.12970904972467,3244.4985467629353,1,2,0
864,29,9,45.65300624442478,3390.247828469314,1,7,1
865,18,42,85.41746014740745,3198.1825528244353,0,7,1
866,61,33,39.809763275974014,1075.0614809012402,1,6,1
867,22,56,76.53302545716099,2149.835934101173,0,9,1
868,47,25,66.39324866883362,3779.6050119802594,0,3,1
869,47,40,117.2005329631537,596.7271980104798,1,3,0
870,34,48,80.85272726964665,1461.4786028395902,0,2,1
871,65,57,54.950637208681876,1453.9636314826828,1,4,0
872,64,2,31.409578488793336,2216.8927452130793,0,2,0
873,40,55,35.124682873493455,4903.806830616707,1,7,1
874,32,5,42.53169299512351,430.7624787507275,1,6,1
875,54,4,45.096666134029796,2641.6348724649156,1,2,0
876,38,4,105.06160578411378,978.8869418598313,0,8,1
877,31,53,76.12227882825249,4856.315072507747,1,4,0
878,19,46,72.33909113743664,655.1871731645746,0,8,1
879,28,22,31.476887186921747,2077.644911571797,1,6,1
880,68,48,106.0139693349435,3715.6364256895704,0,6,1
881,56,8,92.28143032084837,3552.316697334482,0,5,1
882,55,34,26.76683619000016,2171.3703207802682,1,1,0
883,51,19,90.78350972297687,1797.9684229683194,1,8,1
884,55,57,74.35382173426461,2048.300654909066,1,5,1
885,67,48,28.172534574677826,1394.9536894773325,1,7,1
886,51,58,65.83006415286565,1106.1313996633191,1,0,0
887,35,41,68.4696287130047,2466.894518038561,0,4,1
888,47,34,36.57745401632758,1415.815404731276,1,0,0
889,32,49,114.56981470002823,1508.5621579965255,1,9,1
890,44,17,104.99753714806619,3318.1047110253294,0,7,1
891,68,16,86.90223373291083,4845.832925329471,1,7,1
892,51,23,66.22955610006072,3057.822282740938,1,0,0
893,69,2,61.17655415845085,477.19938861833475,0,8,1
894,55,31,85.09734671509541,470.3597078849282,1,1,0
895,50,34,74.54318694069055,4761.973782143274,1,8,1
896,41,37,26.227310588188562,1556.7248725059349,1,0,0
897,32,12,71.25026487703317,551.1282318041297,0,9,1
898,47,55,100.64036172328395,3035.31847703687,1,8,1
899,59,46,65.9239877596958,3155.879013622304,0,3,1
900,68,24,25.19565775542684,3277.673618581572,1,8,1
901,34,8,98.6278199384033,1410.2699365019523,0,6,1
902,22,3,40.13637821359744,174.04235265092765,1,5,1
903,46,13,45.862083488803876,4828.575310326912,0,4,1
904,21,36,36.47063534322959,1329.3759238864022,0,8,1
905,27,33,53.02150648714976,3412.528811457483,0,1,0
906,34,10,95.6751505688635,3562.486362405677,0,1,0
907,27,40,71.93858595039373,3089.03634368948,0,8,1
908,34,55,40.488127415071254,1633.2462316468764,0,2,0
909,37,2,107.78300781520409,1428.3716434439223,1,7,1
910,41,58,107.95818549515292,3028.574585243245,1,8,1
911,22,27,107.05784250460069,4343.868604697288,0,7,1
912,51,28,43.87962113815393,4738.995271724639,0,3,1
913,23,8,65.12393441809881,618.9384415784124,0,0,0
914,19,2,118.49896561408751,858.6602017288272,0,3,1
915,30,24,97.20124763099903,4729.20766803709,1,8,1
916,60,33,22.71674212255598,3709.0226188404836,0,1,0
917,60,11,26.520459126049204,4426.669741665888,1,2,0
918,65,41,66.39313768123327,1092.8999072631814,1,9,1
919,28,8,110.92202058615601,2979.170768436069,0,7,1
920,68,14,73.87017979527143,3535.584012645621,0,5,1
921,64,39,69.78125080342902,3432.548238690166,1,7,1
922,40,24,30.547369995663058,2099.943285246821,1,6,1
923,33,4,85.6780104724294,175.43496928741155,0,4,1
924,48,10,102.21031606002255,2956.3376783408894,0,8,1
925,28,58,58.04200075075623,1340.1975419800829,0,3,1
926,33,33,97.56118509253275,2306.2458061001626,1,5,1
927,25,23,116.44766539008116,4792.146973910705,1,1,0
928,21,59,40.37664591276891,2055.2730564479302,0,1,0
929,57,14,72.33296311947413,4215.027872655691,1,1,0
930,21,37,48.713795808457554,1023.8489681713305,1,9,1
931,42,7,99.28544190338394,3395.0564403226413,0,6,1
932,20,58,77.75933658811574,4887.334076750823,0,1,0
933,49,4,83.45824175503037,599.2761942773902,1,1,0
934,20,47,99.79141596158941,140.76771691324086,1,8,1
935,44,25,59.59704726624549,2224.5556838998104,0,6,1
936,46,17,111.50900684070432,553.8648669516992,0,2,1
937,49,5,73.302886724614,3767.0833134135337,0,2,1
938,67,36,35.7954822835348,4581.288452857939,0,6,1
939,68,59,89.58991181688025,2226.7027662729183,0,4,1
940,36,47,99.32613504382545,1367.6870465616607,1,9,1
941,38,12,51.676167706752665,2228.576263132388,1,5,1
942,22,27,105.7179256998753,3644.894307465005,1,7,1
943,35,4,110.61432547657664,144.36539174381778,1,8,1
944,45,12,47.69044873778089,2988.3245484750164,0,0,0
945,59,16,118.3521472715222,3105.1292559481576,0,2,1
946,39,49,34.071152804875844,3224.672409790084,0,6,1
947,38,39,40.201566840248994,1285.9081919062983,1,5,1
948,23,44,38.422483923802616,3598.858344552821,1,6,1
949,18,31,109.39897100078704,547.8182830257044,1,7,1
950,22,28,85.42925523249619,1076.424648687324,0,5,1
951,58,50,35.21042832222729,4399.603228606961,1,2,0
952,29,57,64.0323418368349,3719.743438560175,0,1,0
953,43,2,81.5298025069802,167.35321465559173,0,6,1
954,63,55,28.34640849893833,1317.043675812021,0,0,0
955,51,39,108.24163684073388,1150.5917666665064,0,2,1
956,66,33,100.36035354415351,1426.9510073811657,0,3,1
957,31,39,70.52067735766383,1313.0428743714433,0,0,0
958,43,26,116.71266152591704,406.3788491399441,1,4,1
959,62,12,61.77609792750997,2348.8085313244196,0,9,1
960,44,44,118.41103190364979,3690.3940264522093,0,2,1
961,26,32,86.79199988036271,3072.9854511154385,1,1,0
962,43,5,83.46712732539415,3397.071176130591,0,2,1
963,64,23,36.5954895295785,497.63097482757183,1,7,1
964,39,18,108.1927758304644,4762.304479866258,1,5,1
965,64,15,62.74896879206152,4208.609985830822,1,6,1
966,47,39,36.223340578247935,4044.9425606287473,0,5,1
967,60,27,21.260751997575905,4132.620644704661,0,5,1
968,65,32,75.97556836383826,4670.28148985053,1,2,0
969,34,58,72.73996221226763,2766.844433957119,0,7,1
970,43,58,91.93536223691585,1081.3818875513668,0,6,1
971,53,47,109.02580530178021,3122.239678477452,1,6,1
972,18,40,27.940658464302953,3740.119318972901,1,5,1
973,25,12,93.14964903403623,3715.7952274347244,0,4,1
974,66,42,38.74119440975822,2655.1002184177123,1,9,1
975,52,44,105.8177053157164,435.44772473453247,1,7,1
976,69,24,101.90635138616561,1918.4533983076265,1,4,1
977,32,52,74.07937549855444,4611.756381470451,0,8,1
978,64,41,91.02427986233116,2963.7996578113875,0,8,1
979,39,35,51.43501131837484,2737.826521952996,0,0,0
980,31,26,67.11678989328146,1417.3822204727483,1,5,1
981,43,37,102.16368977104716,1905.3997075912366,0,6,1
982,45,59,65.92651971732138,4487.195836850529,1,2,0
983,40,6,55.77982653254418,3365.668932881495,0,6,1
984,31,4,69.42124472503,3958.196431086431,0,6,1
985,41,42,102.82492524372184,2326.29257303151,1,1,0
986,19,44,53.520804737087275,3188.2113753351737,0,6,1
987,62,57,37.37615931357438,1317.079682841717,1,0,0
988,43,56,91.20140203307808,3556.758068389083,0,4,1
989,31,50,102.59782127080818,2195.246535146353,0,8,1
990,68,30,30.063747852353334,2268.4730225922535,1,6,1
991,24,22,43.987411275594475,3281.67939042672,1,6,1
992,20,41,34.197198976099386,4687.775045197741,1,1,0
993,64,9,54.79414115821666,413.6310983822425,0,7,1
994,40,31,65.03509789054127,4141.241863000338,0,2,1
995,63,42,94.88263369633064,1532.6772410197464,0,7,1
996,60,52,85.11475848816741,2275.205327081251,1,2,0
997,64,29,82.09285674784311,207.3753109975439,1,9,1
998,62,38,55.23749466096544,1575.1257813881339,1,6,1
999,35,30,104.144755308476,2562.8930888876394,0,1,0
1000,55,17,67.12871673981645,375.26277900245117,0,3,1
